task_id,task_size,vm_id,data_id,data_size,response_time,dttr,availability,load,profit
0,778,VM0-0-0-0,19,801.0,0.6259166666666667,0.06285673515981735,0.999561429684082,1.0373333333333334,0.69
0,778,VM0-0-0-0,162,900.0,0.6259166666666667,0.06282051282051282,0.999561429684082,1.0373333333333334,0.69
0,778,VM0-0-0-0,196,557.0,0.6259166666666667,0.06299446202531646,0.999561429684082,1.0373333333333334,0.69
0,778,VM0-0-0-0,36,351.0,0.6259166666666667,0.06323356807511737,0.999561429684082,1.0373333333333334,0.69
1,623,VM0-0-0-1,70,503.0,1.0883333333333334,0.06304065743944637,0.9995718710937417,0.8306666666666667,0.69
2,440,VM0-0-0-2,177,779.0,1.3233333333333333,0.062865925058548,0.9998209765566407,0.5866666666666667,0.69
2,440,VM0-0-0-2,154,760.0,1.3233333333333333,0.06287425149700598,0.9998209765566407,0.5866666666666667,0.69
2,440,VM0-0-0-2,52,989.0,1.3233333333333333,0.0627937030075188,0.9998209765566407,0.5866666666666667,0.69
2,440,VM0-0-0-2,106,995.0,1.3233333333333333,0.06279205607476634,0.9998209765566407,0.5866666666666667,0.69
3,629,VM0-0-0-3,127,729.0,1.0983333333333334,0.06288868159203981,0.9961528822055138,0.8386666666666667,0.69
3,629,VM0-0-0-3,81,472.0,1.0983333333333334,0.06307129798903108,0.9961528822055138,0.8386666666666667,0.69
3,629,VM0-0-0-3,4,883.0,1.0983333333333334,0.06282620041753653,0.9961528822055138,0.8386666666666667,0.69
3,629,VM0-0-0-3,193,532.0,1.0983333333333334,0.06301482701812192,0.9961528822055138,0.8386666666666667,0.69
3,629,VM0-0-0-3,70,503.0,1.0983333333333334,0.06304065743944637,0.9961528822055138,0.8386666666666667,0.69
4,502,VM0-0-0-4,85,383.0,1.4886666666666666,0.06318231441048035,0.9997796848924153,0.6693333333333333,0.69
4,502,VM0-0-0-4,189,439.0,1.4886666666666666,0.0631079766536965,0.9997796848924153,0.6693333333333333,0.69
5,558,VM0-0-0-5,96,644.0,1.638,0.0629346314325452,0.9889196428515624,0.744,0.69
5,558,VM0-0-0-5,123,639.0,1.638,0.06293767507002801,0.9889196428515624,0.744,0.69
6,865,VM0-0-0-6,120,868.0,2.4566666666666666,0.06283138918345706,0.9998079156145834,1.1533333333333333,0.69
6,865,VM0-0-0-6,65,698.0,2.4566666666666666,0.06290426908150065,0.9998079156145834,1.1533333333333333,0.69
6,865,VM0-0-0-6,150,507.0,2.4566666666666666,0.06303694158075601,0.9998079156145834,1.1533333333333333,0.69
6,865,VM0-0-0-6,2,360.0,2.4566666666666666,0.06321839080459771,0.9998079156145834,1.1533333333333333,0.69
7,594,VM0-0-0-7,170,802.0,1.734,0.0628563283922463,0.9999539744282671,0.792,0.69
7,594,VM0-0-0-7,94,545.0,1.734,0.0,0.9999539744282671,0.792,0.69
7,594,VM0-0-0-7,156,729.0,1.734,0.06288868159203981,0.9999539744282671,0.792,0.69
7,594,VM0-0-0-7,173,892.0,1.734,0.06282316442605998,0.9999539744282671,0.792,0.69
8,626,VM0-0-1-0,25,921.0,1.8193333333333332,0.06281375502008033,0.9990909090871715,0.8346666666666667,0.69
8,626,VM0-0-1-0,39,545.0,1.8193333333333332,0.06300403225806452,0.9990909090871715,0.8346666666666667,0.69
9,211,VM0-0-1-1,156,729.0,0.17704166666666665,0.06288868159203981,0.9999790872298178,0.2813333333333333,0.69
9,211,VM0-0-1-1,25,921.0,0.17704166666666665,0.06281375502008033,0.9999790872298178,0.2813333333333333,0.69
9,211,VM0-0-1-1,193,532.0,0.17704166666666665,0.06301482701812192,0.9999790872298178,0.2813333333333333,0.69
9,211,VM0-0-1-1,28,313.0,0.17704166666666665,0.06330541237113402,0.9999790872298178,0.2813333333333333,0.69
10,877,VM0-0-1-2,134,324.0,2.4886666666666666,0.0,0.9993749726557537,1.1693333333333333,0.69
10,877,VM0-0-1-2,81,472.0,2.4886666666666666,0.06307129798903108,0.9993749726557537,1.1693333333333333,0.69
10,877,VM0-0-1-2,18,500.0,2.4886666666666666,0.06304347826086956,0.9993749726557537,1.1693333333333333,0.69
10,877,VM0-0-1-2,124,423.0,2.4886666666666666,0.06312751004016064,0.9993749726557537,1.1693333333333333,0.69
11,605,VM0-0-1-3,123,639.0,1.0583333333333333,0.06293767507002801,0.9994220889423079,0.8066666666666666,0.69
11,605,VM0-0-1-3,21,920.0,1.0583333333333333,0.06281407035175879,0.9994220889423079,0.8066666666666666,0.69
11,605,VM0-0-1-3,66,634.0,1.0583333333333333,0.06294076163610719,0.9994220889423079,0.8066666666666666,0.69
11,605,VM0-0-1-3,62,570.0,1.0583333333333333,0.06298449612403101,0.9994220889423079,0.8066666666666666,0.69
12,305,VM0-0-1-4,160,853.0,0.25145833333333334,0.0,0.9949868735795454,0.4066666666666667,0.69
12,305,VM0-0-1-4,14,861.0,0.25145833333333334,0.06283386752136752,0.9949868735795454,0.4066666666666667,0.69
13,713,VM0-0-1-5,199,814.0,2.051333333333333,0.06285151856017998,0.9997607372123579,0.9506666666666667,0.69
13,713,VM0-0-1-5,46,514.0,2.051333333333333,0.06303056027164686,0.9997607372123579,0.9506666666666667,0.69
14,473,VM0-0-1-6,128,919.0,0.8383333333333334,0.06281438631790745,0.9996043233143028,0.6306666666666667,0.69
15,972,VM0-0-1-7,20,569.0,0.7795000000000001,0.06298524844720498,0.9999982627805398,1.296,0.69
15,972,VM0-0-1-7,151,862.0,0.7795000000000001,0.06283351120597652,0.9999982627805398,1.296,0.69
15,972,VM0-0-1-7,188,420.0,0.7795000000000001,0.06313131313131314,0.9999982627805398,1.296,0.69
16,206,VM0-0-2-0,93,706.0,0.3933333333333333,0.06290012804097311,0.983333328125,0.27466666666666667,0.69
16,206,VM0-0-2-0,1,581.0,0.3933333333333333,0.06297637195121951,0.983333328125,0.27466666666666667,0.69
16,206,VM0-0-2-0,120,868.0,0.3933333333333333,0.06283138918345706,0.983333328125,0.27466666666666667,0.69
17,423,VM0-0-2-1,154,760.0,1.278,0.06287425149700598,0.0,0.564,0.69
17,423,VM0-0-2-1,0,836.0,1.278,0.0628430296377607,0.0,0.564,0.69
18,850,VM0-0-2-2,25,921.0,2.4166666666666665,0.06281375502008033,0.0,1.1333333333333333,0.69
19,234,VM0-0-2-3,6,975.0,0.19525,0.06279761904761905,0.0,0.312,0.69
19,234,VM0-0-2-3,152,338.0,0.19525,0.06325665859564164,0.0,0.312,0.69
19,234,VM0-0-2-3,52,989.0,0.19525,0.0627937030075188,0.0,0.312,0.69
19,234,VM0-0-2-3,183,353.0,0.19525,0.06323014018691589,0.0,0.312,0.69
20,867,VM0-0-2-4,130,480.0,1.495,0.06306306306306306,0.0,1.156,0.69
20,867,VM0-0-2-4,52,989.0,1.495,0.0627937030075188,0.0,1.156,0.69
21,921,VM0-0-2-5,168,899.0,1.585,0.06282084188911705,0.0,1.228,0.69
21,921,VM0-0-2-5,104,685.0,1.585,0.06291118421052631,0.0,1.228,0.69
22,290,VM0-0-2-6,106,995.0,0.9233333333333333,0.06279205607476634,0.0,0.38666666666666666,0.69
22,290,VM0-0-2-6,37,519.0,0.9233333333333333,0.06302609427609428,0.0,0.38666666666666666,0.69
23,342,VM0-0-2-7,112,363.0,1.062,0.0632134703196347,0.0,0.456,0.69
23,342,VM0-0-2-7,60,710.0,1.062,0.06289808917197452,0.0,0.456,0.69
23,342,VM0-0-2-7,161,694.0,1.062,0.06290637191157347,0.0,0.456,0.69
23,342,VM0-0-2-7,157,471.0,1.062,0.06307234432234432,0.0,0.456,0.69
24,762,VM0-0-3-0,109,925.0,2.182,0.06281250000000001,0.0,1.016,0.69
24,762,VM0-0-3-0,35,830.0,2.182,0.06284530386740332,0.0,1.016,0.69
24,762,VM0-0-3-0,6,975.0,2.182,0.06279761904761905,0.0,1.016,0.69
24,762,VM0-0-3-0,59,635.0,2.182,0.06294014084507042,0.0,1.016,0.69
25,297,VM0-0-3-1,71,437.0,0.942,0.0631103515625,0.0,0.396,0.69
26,208,VM0-0-3-2,20,569.0,0.39666666666666667,0.06298524844720498,0.0,0.2773333333333333,0.69
27,458,VM0-0-3-3,94,545.0,1.3713333333333333,0.06300403225806452,0.0,0.6106666666666667,0.69
27,458,VM0-0-3-3,81,472.0,1.3713333333333333,0.06307129798903108,0.0,0.6106666666666667,0.69
27,458,VM0-0-3-3,129,620.0,1.3713333333333333,0.06294964028776978,0.0,0.6106666666666667,0.69
28,298,VM0-0-3-4,82,458.0,0.9446666666666667,0.06308630393996248,0.0,0.3973333333333333,0.69
29,952,VM0-0-3-5,42,785.0,0.7636666666666667,0.06286337209302326,0.0,1.2693333333333334,0.69
29,952,VM0-0-3-5,148,841.0,0.7636666666666667,0.06284115720524018,0.0,1.2693333333333334,0.69
29,952,VM0-0-3-5,136,473.0,0.7636666666666667,0.06307025547445255,0.0,1.2693333333333334,0.69
29,952,VM0-0-3-5,68,556.0,0.7636666666666667,0.06299524564183835,0.0,1.2693333333333334,0.69
30,535,VM0-0-3-6,100,315.0,1.5766666666666667,0.06330128205128205,0.0,0.7133333333333334,0.69
30,535,VM0-0-3-6,103,978.0,1.5766666666666667,0.06279677113010447,0.0,0.7133333333333334,0.69
31,700,VM0-0-3-7,62,570.0,2.0166666666666666,0.06298449612403101,0.0,0.9333333333333333,0.69
31,700,VM0-0-3-7,67,758.0,2.0166666666666666,0.062875150060024,0.0,0.9333333333333333,0.69
31,700,VM0-0-3-7,15,398.0,2.0166666666666666,0.06316067653276955,0.0,0.9333333333333333,0.69
31,700,VM0-0-3-7,76,632.0,2.0166666666666666,0.06294200848656294,0.0,0.9333333333333333,0.69
31,700,VM0-0-3-7,116,657.0,2.0166666666666666,0.06292691256830601,0.0,0.9333333333333333,0.69
32,411,VM0-0-4-0,164,520.0,1.246,0.06302521008403361,0.0,0.548,0.69
32,411,VM0-0-4-0,189,439.0,1.246,0.0631079766536965,0.0,0.548,0.69
32,411,VM0-0-4-0,152,338.0,1.246,0.06325665859564164,0.0,0.548,0.69
33,283,VM0-0-4-1,175,696.0,0.5216666666666666,0.062905317769131,0.0,0.3773333333333333,0.69
33,283,VM0-0-4-1,72,456.0,0.5216666666666666,0.06308851224105462,0.0,0.3773333333333333,0.69
33,283,VM0-0-4-1,35,830.0,0.5216666666666666,0.06284530386740332,0.0,0.3773333333333333,0.69
33,283,VM0-0-4-1,79,490.0,0.5216666666666666,0.06305309734513274,0.0,0.3773333333333333,0.69
33,283,VM0-0-4-1,85,383.0,0.5216666666666666,0.06318231441048035,0.0,0.3773333333333333,0.69
34,297,VM0-0-4-2,164,520.0,0.245125,0.06302521008403361,0.0,0.396,0.69
34,297,VM0-0-4-2,193,532.0,0.245125,0.06301482701812192,0.0,0.396,0.69
34,297,VM0-0-4-2,126,815.0,0.245125,0.06285112359550561,0.0,0.396,0.69
34,297,VM0-0-4-2,176,971.0,0.245125,0.06279875717017208,0.0,0.396,0.69
34,297,VM0-0-4-2,121,760.0,0.245125,0.06287425149700598,0.0,0.396,0.69
35,455,VM0-0-4-3,163,465.0,0.8083333333333333,0.0630787037037037,0.0,0.6066666666666667,0.69
35,455,VM0-0-4-3,2,360.0,0.8083333333333333,0.06321839080459771,0.0,0.6066666666666667,0.69
36,797,VM0-0-4-4,118,759.0,1.3783333333333334,0.06287470023980815,0.0,1.0626666666666666,0.69
36,797,VM0-0-4-4,149,306.0,1.3783333333333334,0.06332020997375327,0.0,1.0626666666666666,0.69
36,797,VM0-0-4-4,150,507.0,1.3783333333333334,0.06303694158075601,0.0,1.0626666666666666,0.69
37,712,VM0-0-4-5,36,351.0,1.2366666666666668,0.06323356807511737,0.0,0.9493333333333334,0.69
37,712,VM0-0-4-5,134,324.0,1.2366666666666668,0.06328320802005012,0.0,0.9493333333333334,0.69
37,712,VM0-0-4-5,195,780.0,1.2366666666666668,0.06286549707602339,0.0,0.9493333333333334,0.69
37,712,VM0-0-4-5,45,337.0,1.2366666666666668,0.06325849514563107,0.0,0.9493333333333334,0.69
37,712,VM0-0-4-5,85,383.0,1.2366666666666668,0.06318231441048035,0.0,0.9493333333333334,0.69
38,746,VM0-0-4-6,157,471.0,0.6005833333333334,0.06307234432234432,0.0,0.9946666666666667,0.69
39,823,VM0-0-4-7,115,516.0,0.6615416666666666,0.06302876480541456,0.0,1.0973333333333333,0.69
39,823,VM0-0-4-7,187,890.0,0.6615416666666666,0.06282383419689119,0.0,1.0973333333333333,0.69
39,823,VM0-0-4-7,175,696.0,0.6615416666666666,0.062905317769131,0.0,1.0973333333333333,0.69
39,823,VM0-0-4-7,196,557.0,0.6615416666666666,0.06299446202531646,0.0,1.0973333333333333,0.69
40,393,VM0-1-0-0,112,363.0,1.198,0.0632134703196347,0.0,0.524,0.69
40,393,VM0-1-0-0,117,858.0,1.198,0.06283494105037514,0.0,0.524,0.69
40,393,VM0-1-0-0,65,698.0,1.198,0.06290426908150065,0.0,0.524,0.69
40,393,VM0-1-0-0,31,409.0,1.198,0.06314566115702479,0.0,0.524,0.69
40,393,VM0-1-0-0,3,492.0,1.198,0.06305114638447971,0.0,0.524,0.69
41,928,VM0-1-0-1,179,384.0,1.5966666666666667,0.06318082788671024,0.0,1.2373333333333334,0.69
41,928,VM0-1-0-1,31,409.0,1.5966666666666667,0.06314566115702479,0.0,1.2373333333333334,0.69
41,928,VM0-1-0-1,191,911.0,1.5966666666666667,0.06281693711967545,0.0,1.2373333333333334,0.69
41,928,VM0-1-0-1,50,559.0,1.5966666666666667,0.06299290220820189,0.0,1.2373333333333334,0.69
41,928,VM0-1-0-1,94,545.0,1.5966666666666667,0.06300403225806452,0.0,1.2373333333333334,0.69
42,736,VM0-1-0-2,2,360.0,2.1126666666666667,0.06321839080459771,0.0,0.9813333333333333,0.69
42,736,VM0-1-0-2,45,337.0,2.1126666666666667,0.06325849514563107,0.0,0.9813333333333333,0.69
43,436,VM0-1-0-3,75,440.0,1.3126666666666666,0.06310679611650485,0.0,0.5813333333333334,0.69
43,436,VM0-1-0-3,42,785.0,1.3126666666666666,0.06286337209302326,0.0,0.5813333333333334,0.69
44,944,VM0-1-0-4,148,841.0,0.7573333333333333,0.06284115720524018,0.0,1.2586666666666666,0.69
44,944,VM0-1-0-4,72,456.0,0.7573333333333333,0.06308851224105462,0.0,1.2586666666666666,0.69
44,944,VM0-1-0-4,193,532.0,0.7573333333333333,0.06301482701812192,0.0,1.2586666666666666,0.69
45,312,VM0-1-0-5,122,869.0,0.57,0.06283103813559322,0.0,0.416,0.69
46,996,VM0-1-0-6,45,337.0,2.806,0.06325849514563107,0.0,1.328,0.69
46,996,VM0-1-0-6,36,351.0,2.806,0.06323356807511737,0.0,1.328,0.69
47,579,VM0-1-0-7,57,714.0,1.694,0.06289607097591889,0.0,0.772,0.69
47,579,VM0-1-0-7,127,729.0,1.694,0.06288868159203981,0.0,0.772,0.69
47,579,VM0-1-0-7,71,437.0,1.694,0.0631103515625,0.0,0.772,0.69
47,579,VM0-1-0-7,69,321.0,1.694,0.06328914141414141,0.0,0.772,0.69
47,579,VM0-1-0-7,46,514.0,1.694,0.06303056027164686,0.0,0.772,0.69
48,487,VM0-1-1-0,196,557.0,1.4486666666666665,0.06299446202531646,0.0,0.6493333333333333,0.69
48,487,VM0-1-1-0,171,794.0,1.4486666666666665,0.06285960874568469,0.0,0.6493333333333333,0.69
48,487,VM0-1-1-0,62,570.0,1.4486666666666665,0.06298449612403101,0.0,0.6493333333333333,0.69
48,487,VM0-1-1-0,55,505.0,1.4486666666666665,0.06303879310344827,0.0,0.6493333333333333,0.69
49,451,VM0-1-1-1,108,750.0,1.3526666666666667,0.06287878787878788,0.0,0.6013333333333334,0.69
49,451,VM0-1-1-1,171,794.0,1.3526666666666667,0.06285960874568469,0.0,0.6013333333333334,0.69
50,928,VM0-1-1-2,168,899.0,1.5966666666666667,0.06282084188911705,0.0,1.2373333333333334,0.69
51,611,VM0-1-1-3,57,714.0,1.0683333333333334,0.06289607097591889,0.0,0.8146666666666667,0.69
51,611,VM0-1-1-3,54,984.0,1.0683333333333334,0.06279508970727102,0.0,0.8146666666666667,0.69
51,611,VM0-1-1-3,110,597.0,1.0683333333333334,0.06296502976190477,0.0,0.8146666666666667,0.69
51,611,VM0-1-1-3,101,946.0,1.0683333333333334,0.06280607247796278,0.0,0.8146666666666667,0.69
52,604,VM0-1-1-4,85,383.0,1.7606666666666666,0.06318231441048035,0.0,0.8053333333333333,0.69
52,604,VM0-1-1-4,45,337.0,1.7606666666666666,0.06325849514563107,0.0,0.8053333333333333,0.69
52,604,VM0-1-1-4,110,597.0,1.7606666666666666,0.06296502976190477,0.0,0.8053333333333333,0.69
52,604,VM0-1-1-4,62,570.0,1.7606666666666666,0.06298449612403101,0.0,0.8053333333333333,0.69
52,604,VM0-1-1-4,116,657.0,1.7606666666666666,0.06292691256830601,0.0,0.8053333333333333,0.69
53,855,VM0-1-1-5,36,351.0,2.4299999999999997,0.06323356807511737,0.0,1.14,0.69
53,855,VM0-1-1-5,50,559.0,2.4299999999999997,0.06299290220820189,0.0,1.14,0.69
53,855,VM0-1-1-5,104,685.0,2.4299999999999997,0.06291118421052631,0.0,1.14,0.69
53,855,VM0-1-1-5,185,926.0,2.4299999999999997,0.06281218781218781,0.0,1.14,0.69
53,855,VM0-1-1-5,124,423.0,2.4299999999999997,0.06312751004016064,0.0,1.14,0.69
54,497,VM0-1-1-6,74,430.0,0.8783333333333334,0.06311881188118812,0.0,0.6626666666666666,0.69
54,497,VM0-1-1-6,158,857.0,0.8783333333333334,0.06283530042918455,0.0,0.6626666666666666,0.69
54,497,VM0-1-1-6,189,439.0,0.8783333333333334,0.0631079766536965,0.0,0.6626666666666666,0.69
54,497,VM0-1-1-6,138,612.0,0.8783333333333334,0.06295487627365356,0.0,0.6626666666666666,0.69
54,497,VM0-1-1-6,78,858.0,0.8783333333333334,0.06283494105037514,0.0,0.6626666666666666,0.69
55,860,VM0-1-1-7,106,995.0,1.4833333333333334,0.06279205607476634,0.0,1.1466666666666667,0.69
55,860,VM0-1-1-7,29,452.0,1.4833333333333334,0.06309297912713473,0.0,1.1466666666666667,0.69
55,860,VM0-1-1-7,193,532.0,1.4833333333333334,0.06301482701812192,0.0,1.1466666666666667,0.69
55,860,VM0-1-1-7,139,935.0,1.4833333333333334,0.06280940594059406,0.0,1.1466666666666667,0.69
55,860,VM0-1-1-7,86,540.0,1.4833333333333334,0.06300813008130081,0.0,1.1466666666666667,0.69
56,935,VM0-1-2-0,150,507.0,1.6083333333333334,0.06303694158075601,0.0,1.2466666666666666,0.69
56,935,VM0-1-2-0,66,634.0,1.6083333333333334,0.06294076163610719,0.0,1.2466666666666666,0.69
56,935,VM0-1-2-0,170,802.0,1.6083333333333334,0.0628563283922463,0.0,1.2466666666666666,0.69
56,935,VM0-1-2-0,147,854.0,1.6083333333333334,0.06283638320775027,0.0,1.2466666666666666,0.69
57,914,VM0-1-2-1,77,705.0,2.5873333333333335,0.06290064102564102,0.0,1.2186666666666666,0.69
57,914,VM0-1-2-1,25,921.0,2.5873333333333335,0.06281375502008033,0.0,1.2186666666666666,0.69
57,914,VM0-1-2-1,34,467.0,2.5873333333333335,0.06307656826568266,0.0,1.2186666666666666,0.69
57,914,VM0-1-2-1,180,826.0,2.5873333333333335,0.06284683684794673,0.0,1.2186666666666666,0.69
58,676,VM0-1-2-2,163,465.0,1.9526666666666666,0.0630787037037037,0.0,0.9013333333333333,0.69
58,676,VM0-1-2-2,93,706.0,1.9526666666666666,0.06290012804097311,0.0,0.9013333333333333,0.69
59,343,VM0-1-2-3,69,321.0,1.0646666666666667,0.06328914141414141,0.0,0.45733333333333337,0.69
59,343,VM0-1-2-3,164,520.0,1.0646666666666667,0.06302521008403361,0.0,0.45733333333333337,0.69
59,343,VM0-1-2-3,18,500.0,1.0646666666666667,0.06304347826086956,0.0,0.45733333333333337,0.69
60,250,VM0-1-2-4,68,556.0,0.8166666666666667,0.06299524564183835,0.0,0.3333333333333333,0.69
60,250,VM0-1-2-4,178,396.0,0.8166666666666667,0.06316348195329087,0.0,0.3333333333333333,0.69
60,250,VM0-1-2-4,152,338.0,0.8166666666666667,0.06325665859564164,0.0,0.3333333333333333,0.69
60,250,VM0-1-2-4,46,514.0,0.8166666666666667,0.06303056027164686,0.0,0.3333333333333333,0.69
61,377,VM0-1-2-5,169,953.0,0.6783333333333333,0.06280398832684825,0.0,0.5026666666666667,0.69
61,377,VM0-1-2-5,99,805.0,0.6783333333333333,0.06285511363636363,0.0,0.5026666666666667,0.69
61,377,VM0-1-2-5,47,647.0,0.6783333333333333,0.06293282548476455,0.0,0.5026666666666667,0.69
62,983,VM0-1-2-6,58,791.0,0.7882083333333333,0.06286085450346421,0.0,1.3106666666666666,0.69
62,983,VM0-1-2-6,56,526.0,0.7882083333333333,0.06301996672212978,0.0,1.3106666666666666,0.69
62,983,VM0-1-2-6,62,570.0,0.7882083333333333,0.06298449612403101,0.0,1.3106666666666666,0.69
63,282,VM0-1-2-7,13,803.0,0.23325,0.06285592255125284,0.0,0.376,0.69
63,282,VM0-1-2-7,60,710.0,0.23325,0.06289808917197452,0.0,0.376,0.69
64,200,VM0-1-3-0,30,360.0,0.16833333333333333,0.06321839080459771,0.0,0.26666666666666666,0.69
64,200,VM0-1-3-0,88,608.0,0.16833333333333333,0.0629575402635432,0.0,0.26666666666666666,0.69
64,200,VM0-1-3-0,190,540.0,0.16833333333333333,0.06300813008130081,0.0,0.26666666666666666,0.69
64,200,VM0-1-3-0,26,828.0,0.16833333333333333,0.06284606866002215,0.0,0.26666666666666666,0.69
65,982,VM0-1-3-1,156,729.0,0.7874166666666667,0.06288868159203981,0.0,1.3093333333333332,0.69
66,802,VM0-1-3-2,88,608.0,0.6449166666666666,0.0629575402635432,0.0,1.0693333333333332,0.69
67,387,VM0-1-3-3,92,699.0,1.182,0.06290374677002585,0.0,0.516,0.69
67,387,VM0-1-3-3,44,349.0,1.182,0.0632370283018868,0.0,0.516,0.69
68,738,VM0-1-3-4,111,565.0,0.59425,0.06298828125,0.0,0.984,0.69
68,738,VM0-1-3-4,161,694.0,0.59425,0.06290637191157347,0.0,0.984,0.69
68,738,VM0-1-3-4,67,758.0,0.59425,0.062875150060024,0.0,0.984,0.69
68,738,VM0-1-3-4,174,605.0,0.59425,0.06295955882352941,0.0,0.984,0.69
69,834,VM0-1-3-5,13,803.0,2.3739999999999997,0.06285592255125284,0.0,1.112,0.69
69,834,VM0-1-3-5,188,420.0,2.3739999999999997,0.06313131313131314,0.0,1.112,0.69
69,834,VM0-1-3-5,80,393.0,2.3739999999999997,0.06316773504273504,0.0,1.112,0.69
69,834,VM0-1-3-5,98,565.0,2.3739999999999997,0.06298828125,0.0,1.112,0.69
70,491,VM0-1-3-6,33,380.0,1.4593333333333331,0.06318681318681318,0.0,0.6546666666666666,0.69
70,491,VM0-1-3-6,157,471.0,1.4593333333333331,0.06307234432234432,0.0,0.6546666666666666,0.69
70,491,VM0-1-3-6,104,685.0,1.4593333333333331,0.06291118421052631,0.0,0.6546666666666666,0.69
70,491,VM0-1-3-6,46,514.0,1.4593333333333331,0.06303056027164686,0.0,0.6546666666666666,0.69
71,356,VM0-1-3-7,73,718.0,1.0993333333333333,0.06289407313997478,0.0,0.4746666666666667,0.69
71,356,VM0-1-3-7,131,487.0,1.0993333333333333,0.06305604982206406,0.0,0.4746666666666667,0.69
71,356,VM0-1-3-7,164,520.0,1.0993333333333333,0.06302521008403361,0.0,0.4746666666666667,0.69
71,356,VM0-1-3-7,113,337.0,1.0993333333333333,0.06325849514563107,0.0,0.4746666666666667,0.69
72,218,VM0-1-4-0,90,866.0,0.7313333333333333,0.06283209351753453,0.0,0.2906666666666667,0.69
72,218,VM0-1-4-0,180,826.0,0.7313333333333333,0.06284683684794673,0.0,0.2906666666666667,0.69
72,218,VM0-1-4-0,74,430.0,0.7313333333333333,0.06311881188118812,0.0,0.2906666666666667,0.69
72,218,VM0-1-4-0,145,537.0,0.7313333333333333,0.06301062091503268,0.0,0.2906666666666667,0.69
72,218,VM0-1-4-0,11,479.0,0.7313333333333333,0.06306407942238267,0.0,0.2906666666666667,0.69
73,667,VM0-1-4-1,195,780.0,1.9286666666666665,0.06286549707602339,0.0,0.8893333333333333,0.69
73,667,VM0-1-4-1,0,836.0,1.9286666666666665,0.0628430296377607,0.0,0.8893333333333333,0.69
74,872,VM0-1-4-2,112,363.0,2.4753333333333334,0.0632134703196347,0.0,1.1626666666666667,0.69
74,872,VM0-1-4-2,166,451.0,2.4753333333333334,0.06309410646387832,0.0,1.1626666666666667,0.69
74,872,VM0-1-4-2,54,984.0,2.4753333333333334,0.06279508970727102,0.0,1.1626666666666667,0.69
74,872,VM0-1-4-2,115,516.0,2.4753333333333334,0.06302876480541456,0.0,1.1626666666666667,0.69
75,452,VM0-1-4-3,193,532.0,0.8033333333333333,0.06301482701812192,0.0,0.6026666666666667,0.69
75,452,VM0-1-4-3,175,696.0,0.8033333333333333,0.062905317769131,0.0,0.6026666666666667,0.69
75,452,VM0-1-4-3,9,678.0,0.8033333333333333,0.06291500664010624,0.0,0.6026666666666667,0.69
75,452,VM0-1-4-3,113,337.0,0.8033333333333333,0.06325849514563107,0.0,0.6026666666666667,0.69
76,559,VM0-1-4-4,8,906.0,0.4525416666666666,0.06281855249745158,0.0,0.7453333333333334,0.69
76,559,VM0-1-4-4,3,492.0,0.4525416666666666,0.06305114638447971,0.0,0.7453333333333334,0.69
76,559,VM0-1-4-4,106,995.0,0.4525416666666666,0.06279205607476634,0.0,0.7453333333333334,0.69
76,559,VM0-1-4-4,18,500.0,0.4525416666666666,0.06304347826086956,0.0,0.7453333333333334,0.69
76,559,VM0-1-4-4,155,904.0,0.4525416666666666,0.06281920326864147,0.0,0.7453333333333334,0.69
77,388,VM0-1-4-5,163,465.0,0.6966666666666667,0.0630787037037037,0.0,0.5173333333333333,0.69
78,598,VM0-1-4-6,62,570.0,1.7446666666666666,0.06298449612403101,0.0,0.7973333333333333,0.69
78,598,VM0-1-4-6,27,772.0,1.7446666666666666,0.0628689492325856,0.0,0.7973333333333333,0.69
78,598,VM0-1-4-6,33,380.0,1.7446666666666666,0.06318681318681318,0.0,0.7973333333333333,0.69
78,598,VM0-1-4-6,60,710.0,1.7446666666666666,0.06289808917197452,0.0,0.7973333333333333,0.69
79,325,VM0-1-4-7,124,423.0,0.5916666666666667,0.06312751004016064,0.0,0.43333333333333335,0.69
79,325,VM0-1-4-7,181,762.0,0.5916666666666667,0.06287335722819594,0.0,0.43333333333333335,0.69
79,325,VM0-1-4-7,107,868.0,0.5916666666666667,0.06283138918345706,0.0,0.43333333333333335,0.69
79,325,VM0-1-4-7,159,864.0,0.5916666666666667,0.06283280085197018,0.0,0.43333333333333335,0.69
79,325,VM0-1-4-7,45,337.0,0.5916666666666667,0.06325849514563107,0.0,0.43333333333333335,0.69
80,524,VM0-2-0-0,94,545.0,1.5473333333333332,0.06300403225806452,0.0,0.6986666666666667,0.69
81,888,VM0-2-0-1,71,437.0,2.518,0.0631103515625,0.0,1.184,0.69
81,888,VM0-2-0-1,26,828.0,2.518,0.06284606866002215,0.0,1.184,0.69
81,888,VM0-2-0-1,64,322.0,2.518,0.06328715365239294,0.0,1.184,0.69
82,467,VM0-2-0-2,48,434.0,1.3953333333333333,0.06311394891944991,0.0,0.6226666666666667,0.69
82,467,VM0-2-0-2,99,805.0,1.3953333333333333,0.06285511363636363,0.0,0.6226666666666667,0.69
82,467,VM0-2-0-2,88,608.0,1.3953333333333333,0.0629575402635432,0.0,0.6226666666666667,0.69
83,861,VM0-2-0-3,191,911.0,2.4459999999999997,0.06281693711967545,0.0,1.148,0.69
83,861,VM0-2-0-3,144,550.0,2.4459999999999997,0.063,0.0,1.148,0.69
84,205,VM0-2-0-4,88,608.0,0.39166666666666666,0.0629575402635432,0.0,0.2733333333333333,0.69
84,205,VM0-2-0-4,111,565.0,0.39166666666666666,0.06298828125,0.0,0.2733333333333333,0.69
84,205,VM0-2-0-4,2,360.0,0.39166666666666666,0.06321839080459771,0.0,0.2733333333333333,0.69
84,205,VM0-2-0-4,63,376.0,0.39166666666666666,0.06319290465631928,0.0,0.2733333333333333,0.69
84,205,VM0-2-0-4,35,830.0,0.39166666666666666,0.06284530386740332,0.0,0.2733333333333333,0.69
85,609,VM0-2-0-5,21,920.0,1.774,0.06281407035175879,0.0,0.812,0.69
85,609,VM0-2-0-5,121,760.0,1.774,0.06287425149700598,0.0,0.812,0.69
85,609,VM0-2-0-5,133,425.0,1.774,0.063125,0.0,0.812,0.69
86,487,VM0-2-0-6,110,597.0,0.3955416666666667,0.06296502976190477,0.0,0.6493333333333333,0.69
86,487,VM0-2-0-6,49,723.0,0.3955416666666667,0.06289160401002507,0.0,0.6493333333333333,0.69
86,487,VM0-2-0-6,115,516.0,0.3955416666666667,0.06302876480541456,0.0,0.6493333333333333,0.69
86,487,VM0-2-0-6,117,858.0,0.3955416666666667,0.06283494105037514,0.0,0.6493333333333333,0.69
87,960,VM0-2-0-7,152,338.0,2.71,0.06325665859564164,0.0,1.28,0.69
87,960,VM0-2-0-7,54,984.0,2.71,0.06279508970727102,0.0,1.28,0.69
87,960,VM0-2-0-7,138,612.0,2.71,0.06295487627365356,0.0,1.28,0.69
87,960,VM0-2-0-7,62,570.0,2.71,0.06298449612403101,0.0,1.28,0.69
88,914,VM0-2-1-0,14,861.0,0.7335833333333333,0.06283386752136752,0.0,1.2186666666666666,0.69
88,914,VM0-2-1-0,194,863.0,0.7335833333333333,0.06283315565031983,0.0,1.2186666666666666,0.69
88,914,VM0-2-1-0,75,440.0,0.7335833333333333,0.06310679611650485,0.0,1.2186666666666666,0.69
89,517,VM0-2-1-1,43,540.0,1.5286666666666666,0.06300813008130081,0.0,0.6893333333333334,0.69
89,517,VM0-2-1-1,58,791.0,1.5286666666666666,0.06286085450346421,0.0,0.6893333333333334,0.69
89,517,VM0-2-1-1,190,540.0,1.5286666666666666,0.06300813008130081,0.0,0.6893333333333334,0.69
89,517,VM0-2-1-1,194,863.0,1.5286666666666666,0.06283315565031983,0.0,0.6893333333333334,0.69
90,563,VM0-2-1-2,44,349.0,1.651333333333333,0.0632370283018868,0.0,0.7506666666666666,0.69
90,563,VM0-2-1-2,161,694.0,1.651333333333333,0.06290637191157347,0.0,0.7506666666666666,0.69
90,563,VM0-2-1-2,75,440.0,1.651333333333333,0.06310679611650485,0.0,0.7506666666666666,0.69
90,563,VM0-2-1-2,92,699.0,1.651333333333333,0.06290374677002585,0.0,0.7506666666666666,0.69
90,563,VM0-2-1-2,46,514.0,1.651333333333333,0.06303056027164686,0.0,0.7506666666666666,0.69
91,305,VM0-2-1-3,39,545.0,0.25145833333333334,0.06300403225806452,0.0,0.4066666666666667,0.69
91,305,VM0-2-1-3,98,565.0,0.25145833333333334,0.06298828125,0.0,0.4066666666666667,0.69
92,551,VM0-2-1-4,14,861.0,0.9683333333333335,0.06283386752136752,0.0,0.7346666666666667,0.69
92,551,VM0-2-1-4,179,384.0,0.9683333333333335,0.06318082788671024,0.0,0.7346666666666667,0.69
93,686,VM0-2-1-5,5,603.0,0.5530833333333334,0.06296091445427729,0.0,0.9146666666666667,0.69
93,686,VM0-2-1-5,175,696.0,0.5530833333333334,0.062905317769131,0.0,0.9146666666666667,0.69
93,686,VM0-2-1-5,10,614.0,0.5530833333333334,0.06295355587808418,0.0,0.9146666666666667,0.69
94,602,VM0-2-1-6,109,925.0,1.7553333333333332,0.06281250000000001,0.0,0.8026666666666666,0.69
95,664,VM0-2-1-7,98,565.0,1.9206666666666665,0.06298828125,0.0,0.8853333333333333,0.69
95,664,VM0-2-1-7,59,635.0,1.9206666666666665,0.06294014084507042,0.0,0.8853333333333333,0.69
95,664,VM0-2-1-7,74,430.0,1.9206666666666665,0.06311881188118812,0.0,0.8853333333333333,0.69
96,741,VM0-2-2-0,197,362.0,2.126,1.0,0.0,0.988,0.69
97,867,VM0-2-2-1,108,750.0,2.4619999999999997,0.06287878787878788,0.0,1.156,0.69
97,867,VM0-2-2-1,105,746.0,2.4619999999999997,0.06288063337393422,0.0,1.156,0.69
97,867,VM0-2-2-1,75,440.0,2.4619999999999997,0.06310679611650485,0.0,1.156,0.69
98,238,VM0-2-2-2,0,836.0,0.44666666666666666,0.0628430296377607,0.0,0.31733333333333336,0.69
99,365,VM0-2-2-3,24,339.0,0.6583333333333333,0.0632548309178744,0.0,0.4866666666666667,0.69
